Class	Field	Type
AggregationFunction		C
	automatic	E
	average	E
	count	E
	countNumbers	E
	max	E
	min	E
	product	E
	standardDeviation	E
	standardDeviationP	E
	sum	E
	unknown	E
	variance	E
	varianceP	E
Application		C
	calculate(calculationType)	M
	getCalculationEngineVersion()	M
	getCalculationMode()	M
	getCalculationState()	M
	getCultureInfo()	M
	getDecimalSeparator()	M
	getIterativeCalculation()	M
	getThousandsSeparator()	M
	getUseSystemSeparators()	M
	setCalculationMode(calculationMode)	M
ArrowheadLength		C
	long	E
	medium	E
	short	E
ArrowheadStyle		C
	diamond	E
	none	E
	open	E
	oval	E
	stealth	E
	triangle	E
ArrowheadWidth		C
	medium	E
	narrow	E
	wide	E
AutoFillType		C
	fillCopy	E
	fillDays	E
	fillDefault	E
	fillFormats	E
	fillMonths	E
	fillSeries	E
	fillValues	E
	fillWeekdays	E
	fillYears	E
	flashFill	E
	growthTrend	E
	linearTrend	E
AutoFilter		C
	apply(range	M
	clearCriteria()	M
	getCriteria()	M
	getEnabled()	M
	getIsDataFiltered()	M
	getRange()	M
	reapply()	M
	remove()	M
BasicDataValidation		C
	formula1	P
	formula2	P
	operator	P
Binding		C
	delete()	M
	getId()	M
	getRange()	M
	getTable()	M
	getText()	M
	getType()	M
BindingType		C
	range	E
	table	E
	text	E
BorderIndex		C
	diagonalDown	E
	diagonalUp	E
	edgeBottom	E
	edgeLeft	E
	edgeRight	E
	edgeTop	E
	insideHorizontal	E
	insideVertical	E
BorderLineStyle		C
	continuous	E
	dash	E
	dashDot	E
	dashDotDot	E
	dot	E
	double	E
	none	E
	slantDashDot	E
BorderWeight		C
	hairline	E
	medium	E
	thick	E
	thin	E
BuiltInStyle		C
	accent1	E
	accent1_20	E
	accent1_40	E
	accent1_60	E
	accent2	E
	accent2_20	E
	accent2_40	E
	accent2_60	E
	accent3	E
	accent3_20	E
	accent3_40	E
	accent3_60	E
	accent4	E
	accent4_20	E
	accent4_40	E
	accent4_60	E
	accent5	E
	accent5_20	E
	accent5_40	E
	accent5_60	E
	accent6	E
	accent6_20	E
	accent6_40	E
	accent6_60	E
	bad	E
	calculation	E
	checkCell	E
	comma	E
	currency	E
	emphasis1	E
	emphasis2	E
	emphasis3	E
	explanatoryText	E
	good	E
	heading1	E
	heading2	E
	heading3	E
	heading4	E
	hlink	E
	hlinkTrav	E
	input	E
	linkedCell	E
	neutral	E
	normal	E
	note	E
	output	E
	percent	E
	sheetTitle	E
	total	E
	warningText	E
	wholeComma	E
	wholeDollar	E
CalculationMode		C
	automatic	E
	automaticExceptTables	E
	manual	E
CalculationState		C
	calculating	E
	done	E
	pending	E
CalculationType		C
	full	E
	fullRebuild	E
	recalculate	E
CellValueConditionalFormat		C
	getFormat()	M
	getRule()	M
	setRule(rule)	M
Chart		C
	activate()	M
	addChartSeries(name	M
	delete()	M
	getAxes()	M
	getCategoryLabelLevel()	M
	getChartType()	M
	getDataLabels()	M
	getDisplayBlanksAs()	M
	getFormat()	M
	getHeight()	M
	getId()	M
	getImage(width	M
	getLeft()	M
	getLegend()	M
	getName()	M
	getPivotOptions()	M
	getPlotArea()	M
	getPlotBy()	M
	getPlotVisibleOnly()	M
	getSeries()	M
	getSeriesNameLevel()	M
	getShowAllFieldButtons()	M
	getShowDataLabelsOverMaximum()	M
	getStyle()	M
	getTitle()	M
	getTop()	M
	getWidth()	M
	getWorksheet()	M
	setCategoryLabelLevel(categoryLabelLevel)	M
	setChartType(chartType)	M
	setData(sourceData	M
	setDisplayBlanksAs(displayBlanksAs)	M
	setHeight(height)	M
	setLeft(left)	M
	setName(name)	M
	setPlotBy(plotBy)	M
	setPlotVisibleOnly(plotVisibleOnly)	M
	setPosition(startCell	M
	setSeriesNameLevel(seriesNameLevel)	M
	setShowAllFieldButtons(showAllFieldButtons)	M
	setShowDataLabelsOverMaximum(showDataLabelsOverMaximum)	M
	setStyle(style)	M
	setTop(top)	M
	setWidth(width)	M
ChartAreaFormat		C
	getBorder()	M
	getColorScheme()	M
	getFill()	M
	getFont()	M
	getRoundedCorners()	M
	setColorScheme(colorScheme)	M
	setRoundedCorners(roundedCorners)	M
ChartAxes		C
	getCategoryAxis()	M
	getChartAxis(type	M
	getSeriesAxis()	M
	getValueAxis()	M
ChartAxis		C
	getAlignment()	M
	getAxisGroup()	M
	getBaseTimeUnit()	M
	getCategoryType()	M
	getCustomDisplayUnit()	M
	getDisplayUnit()	M
	getFormat()	M
	getHeight()	M
	getIsBetweenCategories()	M
	getLeft()	M
	getLinkNumberFormat()	M
	getLogBase()	M
	getMajorGridlines()	M
	getMajorTickMark()	M
	getMajorTimeUnitScale()	M
	getMajorUnit()	M
	getMaximum()	M
	getMinimum()	M
	getMinorGridlines()	M
	getMinorTickMark()	M
	getMinorTimeUnitScale()	M
	getMinorUnit()	M
	getMultiLevel()	M
	getNumberFormat()	M
	getOffset()	M
	getPosition()	M
	getPositionAt()	M
	getReversePlotOrder()	M
	getScaleType()	M
	getShowDisplayUnitLabel()	M
	getTextOrientation()	M
	getTickLabelPosition()	M
	getTickLabelSpacing()	M
	getTickMarkSpacing()	M
	getTitle()	M
	getTop()	M
	getType()	M
	getVisible()	M
	getWidth()	M
	setAlignment(alignment)	M
	setBaseTimeUnit(baseTimeUnit)	M
	setCategoryNames(sourceData)	M
	setCategoryType(categoryType)	M
	setCustomDisplayUnit(value)	M
	setDisplayUnit(displayUnit)	M
	setIsBetweenCategories(isBetweenCategories)	M
	setLinkNumberFormat(linkNumberFormat)	M
	setLogBase(logBase)	M
	setMajorTickMark(majorTickMark)	M
	setMajorTimeUnitScale(majorTimeUnitScale)	M
	setMajorUnit(majorUnit)	M
	setMaximum(maximum)	M
	setMinimum(minimum)	M
	setMinorTickMark(minorTickMark)	M
	setMinorTimeUnitScale(minorTimeUnitScale)	M
	setMinorUnit(minorUnit)	M
	setMultiLevel(multiLevel)	M
	setNumberFormat(numberFormat)	M
	setOffset(offset)	M
	setPosition(position)	M
	setPositionAt(value)	M
	setReversePlotOrder(reversePlotOrder)	M
	setScaleType(scaleType)	M
	setShowDisplayUnitLabel(showDisplayUnitLabel)	M
	setTextOrientation(textOrientation)	M
	setTickLabelPosition(tickLabelPosition)	M
	setTickLabelSpacing(tickLabelSpacing)	M
	setTickMarkSpacing(tickMarkSpacing)	M
	setVisible(visible)	M
ChartAxisCategoryType		C
	automatic	E
	dateAxis	E
	textAxis	E
ChartAxisDisplayUnit		C
	billions	E
	custom	E
	hundredMillions	E
	hundreds	E
	hundredThousands	E
	millions	E
	none	E
	tenMillions	E
	tenThousands	E
	thousands	E
	trillions	E
ChartAxisFormat		C
	getFill()	M
	getFont()	M
	getLine()	M
ChartAxisGroup		C
	primary	E
	secondary	E
ChartAxisPosition		C
	automatic	E
	custom	E
	maximum	E
	minimum	E
ChartAxisScaleType		C
	linear	E
	logarithmic	E
ChartAxisTickLabelPosition		C
	high	E
	low	E
	nextToAxis	E
	none	E
ChartAxisTickMark		C
	cross	E
	inside	E
	none	E
	outside	E
ChartAxisTimeUnit		C
	days	E
	months	E
	years	E
ChartAxisTitle		C
	getFormat()	M
	getText()	M
	getTextOrientation()	M
	getVisible()	M
	setFormula(formula)	M
	setText(text)	M
	setTextOrientation(textOrientation)	M
	setVisible(visible)	M
ChartAxisTitleFormat		C
	getBorder()	M
	getFill()	M
	getFont()	M
ChartAxisType		C
	category	E
	invalid	E
	series	E
	value	E
ChartBinOptions		C
	getAllowOverflow()	M
	getAllowUnderflow()	M
	getCount()	M
	getOverflowValue()	M
	getType()	M
	getUnderflowValue()	M
	getWidth()	M
	setAllowOverflow(allowOverflow)	M
	setAllowUnderflow(allowUnderflow)	M
	setCount(count)	M
	setOverflowValue(overflowValue)	M
	setType(type)	M
	setUnderflowValue(underflowValue)	M
	setWidth(width)	M
ChartBinType		C
	auto	E
	binCount	E
	binWidth	E
	category	E
ChartBorder		C
	clear()	M
	getColor()	M
	getLineStyle()	M
	getWeight()	M
	setColor(color)	M
	setLineStyle(lineStyle)	M
	setWeight(weight)	M
ChartBoxQuartileCalculation		C
	exclusive	E
	inclusive	E
ChartBoxwhiskerOptions		C
	getQuartileCalculation()	M
	getShowInnerPoints()	M
	getShowMeanLine()	M
	getShowMeanMarker()	M
	getShowOutlierPoints()	M
	setQuartileCalculation(quartileCalculation)	M
	setShowInnerPoints(showInnerPoints)	M
	setShowMeanLine(showMeanLine)	M
	setShowMeanMarker(showMeanMarker)	M
	setShowOutlierPoints(showOutlierPoints)	M
ChartColorScheme		C
	colorfulPalette1	E
	colorfulPalette2	E
	colorfulPalette3	E
	colorfulPalette4	E
	monochromaticPalette1	E
	monochromaticPalette10	E
	monochromaticPalette11	E
	monochromaticPalette12	E
	monochromaticPalette13	E
	monochromaticPalette2	E
	monochromaticPalette3	E
	monochromaticPalette4	E
	monochromaticPalette5	E
	monochromaticPalette6	E
	monochromaticPalette7	E
	monochromaticPalette8	E
	monochromaticPalette9	E
ChartDataLabel		C
	getAutoText()	M
	getFormat()	M
	getFormula()	M
	getHeight()	M
	getHorizontalAlignment()	M
	getLeft()	M
	getLinkNumberFormat()	M
	getNumberFormat()	M
	getPosition()	M
	getSeparator()	M
	getShowBubbleSize()	M
	getShowCategoryName()	M
	getShowLegendKey()	M
	getShowPercentage()	M
	getShowSeriesName()	M
	getShowValue()	M
	getText()	M
	getTextOrientation()	M
	getTop()	M
	getVerticalAlignment()	M
	getWidth()	M
	setAutoText(autoText)	M
	setFormula(formula)	M
	setHorizontalAlignment(horizontalAlignment)	M
	setLeft(left)	M
	setLinkNumberFormat(linkNumberFormat)	M
	setNumberFormat(numberFormat)	M
	setPosition(position)	M
	setSeparator(separator)	M
	setShowBubbleSize(showBubbleSize)	M
	setShowCategoryName(showCategoryName)	M
	setShowLegendKey(showLegendKey)	M
	setShowPercentage(showPercentage)	M
	setShowSeriesName(showSeriesName)	M
	setShowValue(showValue)	M
	setText(text)	M
	setTextOrientation(textOrientation)	M
	setTop(top)	M
	setVerticalAlignment(verticalAlignment)	M
ChartDataLabelFormat		C
	getBorder()	M
	getFill()	M
	getFont()	M
ChartDataLabelPosition		C
	bestFit	E
	bottom	E
	callout	E
	center	E
	insideBase	E
	insideEnd	E
	invalid	E
	left	E
	none	E
	outsideEnd	E
	right	E
	top	E
ChartDataLabels		C
	getAutoText()	M
	getFormat()	M
	getHorizontalAlignment()	M
	getLinkNumberFormat()	M
	getNumberFormat()	M
	getPosition()	M
	getSeparator()	M
	getShowBubbleSize()	M
	getShowCategoryName()	M
	getShowLegendKey()	M
	getShowPercentage()	M
	getShowSeriesName()	M
	getShowValue()	M
	getTextOrientation()	M
	getVerticalAlignment()	M
	setAutoText(autoText)	M
	setHorizontalAlignment(horizontalAlignment)	M
	setLinkNumberFormat(linkNumberFormat)	M
	setNumberFormat(numberFormat)	M
	setPosition(position)	M
	setSeparator(separator)	M
	setShowBubbleSize(showBubbleSize)	M
	setShowCategoryName(showCategoryName)	M
	setShowLegendKey(showLegendKey)	M
	setShowPercentage(showPercentage)	M
	setShowSeriesName(showSeriesName)	M
	setShowValue(showValue)	M
	setTextOrientation(textOrientation)	M
	setVerticalAlignment(verticalAlignment)	M
ChartDisplayBlanksAs		C
	interplotted	E
	notPlotted	E
	zero	E
ChartErrorBars		C
	getEndStyleCap()	M
	getFormat()	M
	getInclude()	M
	getType()	M
	getVisible()	M
	setEndStyleCap(endStyleCap)	M
	setInclude(include)	M
	setType(type)	M
	setVisible(visible)	M
ChartErrorBarsFormat		C
	getLine()	M
ChartErrorBarsInclude		C
	both	E
	minusValues	E
	plusValues	E
ChartErrorBarsType		C
	custom	E
	fixedValue	E
	percent	E
	stDev	E
	stError	E
ChartFill		C
	clear()	M
	setSolidColor(color)	M
ChartFont		C
	getBold()	M
	getColor()	M
	getItalic()	M
	getName()	M
	getSize()	M
	getUnderline()	M
	setBold(bold)	M
	setColor(color)	M
	setItalic(italic)	M
	setName(name)	M
	setSize(size)	M
	setUnderline(underline)	M
ChartFormatString		C
	getFont()	M
ChartGradientStyle		C
	threePhaseColor	E
	twoPhaseColor	E
ChartGradientStyleType		C
	extremeValue	E
	number	E
	percent	E
ChartGridlines		C
	getFormat()	M
	getVisible()	M
	setVisible(visible)	M
ChartGridlinesFormat		C
	getLine()	M
ChartLegend		C
	getFormat()	M
	getHeight()	M
	getLeft()	M
	getLegendEntries()	M
	getOverlay()	M
	getPosition()	M
	getShowShadow()	M
	getTop()	M
	getVisible()	M
	getWidth()	M
	setHeight(height)	M
	setLeft(left)	M
	setOverlay(overlay)	M
	setPosition(position)	M
	setShowShadow(showShadow)	M
	setTop(top)	M
	setVisible(visible)	M
	setWidth(width)	M
ChartLegendEntry		C
	getHeight()	M
	getIndex()	M
	getLeft()	M
	getTop()	M
	getVisible()	M
	getWidth()	M
	setVisible(visible)	M
ChartLegendFormat		C
	getBorder()	M
	getFill()	M
	getFont()	M
ChartLegendPosition		C
	bottom	E
	corner	E
	custom	E
	invalid	E
	left	E
	right	E
	top	E
ChartLineFormat		C
	clear()	M
	getColor()	M
	getLineStyle()	M
	getWeight()	M
	setColor(color)	M
	setLineStyle(lineStyle)	M
	setWeight(weight)	M
ChartLineStyle		C
	automatic	E
	continuous	E
	dash	E
	dashDot	E
	dashDotDot	E
	dot	E
	grey25	E
	grey50	E
	grey75	E
	none	E
	roundDot	E
ChartMapAreaLevel		C
	automatic	E
	city	E
	continent	E
	country	E
	county	E
	dataOnly	E
	state	E
	world	E
ChartMapLabelStrategy		C
	bestFit	E
	none	E
	showAll	E
ChartMapOptions		C
	getLabelStrategy()	M
	getLevel()	M
	getProjectionType()	M
	setLabelStrategy(labelStrategy)	M
	setLevel(level)	M
	setProjectionType(projectionType)	M
ChartMapProjectionType		C
	albers	E
	automatic	E
	mercator	E
	miller	E
	robinson	E
ChartMarkerStyle		C
	automatic	E
	circle	E
	dash	E
	diamond	E
	dot	E
	invalid	E
	none	E
	picture	E
	plus	E
	square	E
	star	E
	triangle	E
	x	E
ChartParentLabelStrategy		C
	banner	E
	none	E
	overlapping	E
ChartPivotOptions		C
	getShowAxisFieldButtons()	M
	getShowLegendFieldButtons()	M
	getShowReportFilterFieldButtons()	M
	getShowValueFieldButtons()	M
	setShowAxisFieldButtons(showAxisFieldButtons)	M
	setShowLegendFieldButtons(showLegendFieldButtons)	M
	setShowReportFilterFieldButtons(showReportFilterFieldButtons)	M
	setShowValueFieldButtons(showValueFieldButtons)	M
ChartPlotArea		C
	getFormat()	M
	getHeight()	M
	getInsideHeight()	M
	getInsideLeft()	M
	getInsideTop()	M
	getInsideWidth()	M
	getLeft()	M
	getPosition()	M
	getTop()	M
	getWidth()	M
	setHeight(height)	M
	setInsideHeight(insideHeight)	M
	setInsideLeft(insideLeft)	M
	setInsideTop(insideTop)	M
	setInsideWidth(insideWidth)	M
	setLeft(left)	M
	setPosition(position)	M
	setTop(top)	M
	setWidth(width)	M
ChartPlotAreaFormat		C
	getBorder()	M
	getFill()	M
ChartPlotAreaPosition		C
	automatic	E
	custom	E
ChartPlotBy		C
	columns	E
	rows	E
ChartPoint		C
	getDataLabel()	M
	getFormat()	M
	getHasDataLabel()	M
	getMarkerBackgroundColor()	M
	getMarkerForegroundColor()	M
	getMarkerSize()	M
	getMarkerStyle()	M
	getValue()	M
	setHasDataLabel(hasDataLabel)	M
	setMarkerBackgroundColor(markerBackgroundColor)	M
	setMarkerForegroundColor(markerForegroundColor)	M
	setMarkerSize(markerSize)	M
	setMarkerStyle(markerStyle)	M
ChartPointFormat		C
	getBorder()	M
	getFill()	M
ChartSeries		C
	addChartTrendline(type)	M
	delete()	M
	getAxisGroup()	M
	getBinOptions()	M
	getBoxwhiskerOptions()	M
	getBubbleScale()	M
	getChartTrendline(index)	M
	getChartType()	M
	getDataLabels()	M
	getDimensionValues(dimension)	M
	getDoughnutHoleSize()	M
	getExplosion()	M
	getFiltered()	M
	getFirstSliceAngle()	M
	getFormat()	M
	getGapWidth()	M
	getGradientMaximumColor()	M
	getGradientMaximumType()	M
	getGradientMaximumValue()	M
	getGradientMidpointColor()	M
	getGradientMidpointType()	M
	getGradientMidpointValue()	M
	getGradientMinimumColor()	M
	getGradientMinimumType()	M
	getGradientMinimumValue()	M
	getGradientStyle()	M
	getHasDataLabels()	M
	getInvertColor()	M
	getInvertIfNegative()	M
	getMapOptions()	M
	getMarkerBackgroundColor()	M
	getMarkerForegroundColor()	M
	getMarkerSize()	M
	getMarkerStyle()	M
	getName()	M
	getOverlap()	M
	getParentLabelStrategy()	M
	getPlotOrder()	M
	getPoints()	M
	getSecondPlotSize()	M
	getShowConnectorLines()	M
	getShowLeaderLines()	M
	getShowShadow()	M
	getSmooth()	M
	getSplitType()	M
	getSplitValue()	M
	getTrendlines()	M
	getVaryByCategories()	M
	getXErrorBars()	M
	getYErrorBars()	M
	setAxisGroup(axisGroup)	M
	setBubbleScale(bubbleScale)	M
	setBubbleSizes(sourceData)	M
	setChartType(chartType)	M
	setDoughnutHoleSize(doughnutHoleSize)	M
	setExplosion(explosion)	M
	setFiltered(filtered)	M
	setFirstSliceAngle(firstSliceAngle)	M
	setGapWidth(gapWidth)	M
	setGradientMaximumColor(gradientMaximumColor)	M
	setGradientMaximumType(gradientMaximumType)	M
	setGradientMaximumValue(gradientMaximumValue)	M
	setGradientMidpointColor(gradientMidpointColor)	M
	setGradientMidpointType(gradientMidpointType)	M
	setGradientMidpointValue(gradientMidpointValue)	M
	setGradientMinimumColor(gradientMinimumColor)	M
	setGradientMinimumType(gradientMinimumType)	M
	setGradientMinimumValue(gradientMinimumValue)	M
	setGradientStyle(gradientStyle)	M
	setHasDataLabels(hasDataLabels)	M
	setInvertColor(invertColor)	M
	setInvertIfNegative(invertIfNegative)	M
	setMarkerBackgroundColor(markerBackgroundColor)	M
	setMarkerForegroundColor(markerForegroundColor)	M
	setMarkerSize(markerSize)	M
	setMarkerStyle(markerStyle)	M
	setName(name)	M
	setOverlap(overlap)	M
	setParentLabelStrategy(parentLabelStrategy)	M
	setPlotOrder(plotOrder)	M
	setSecondPlotSize(secondPlotSize)	M
	setShowConnectorLines(showConnectorLines)	M
	setShowLeaderLines(showLeaderLines)	M
	setShowShadow(showShadow)	M
	setSmooth(smooth)	M
	setSplitType(splitType)	M
	setSplitValue(splitValue)	M
	setValues(sourceData)	M
	setVaryByCategories(varyByCategories)	M
	setXAxisValues(sourceData)	M
ChartSeriesBy		C
	auto	E
	columns	E
	rows	E
ChartSeriesDimension		C
	bubbleSizes	E
	categories	E
	values	E
	xvalues	E
	yvalues	E
ChartSeriesFormat		C
	getFill()	M
	getLine()	M
ChartSplitType		C
	splitByCustomSplit	E
	splitByPercentValue	E
	splitByPosition	E
	splitByValue	E
ChartTextHorizontalAlignment		C
	center	E
	distributed	E
	justify	E
	left	E
	right	E
ChartTextVerticalAlignment		C
	bottom	E
	center	E
	distributed	E
	justify	E
	top	E
ChartTickLabelAlignment		C
	center	E
	left	E
	right	E
ChartTitle		C
	getFormat()	M
	getHeight()	M
	getHorizontalAlignment()	M
	getLeft()	M
	getOverlay()	M
	getPosition()	M
	getShowShadow()	M
	getSubstring(start	M
	getText()	M
	getTextOrientation()	M
	getTop()	M
	getVerticalAlignment()	M
	getVisible()	M
	getWidth()	M
	setFormula(formula)	M
	setHorizontalAlignment(horizontalAlignment)	M
	setLeft(left)	M
	setOverlay(overlay)	M
	setPosition(position)	M
	setShowShadow(showShadow)	M
	setText(text)	M
	setTextOrientation(textOrientation)	M
	setTop(top)	M
	setVerticalAlignment(verticalAlignment)	M
	setVisible(visible)	M
ChartTitleFormat		C
	getBorder()	M
	getFill()	M
	getFont()	M
ChartTitlePosition		C
	automatic	E
	bottom	E
	left	E
	right	E
	top	E
ChartTrendline		C
	delete()	M
	getBackwardPeriod()	M
	getFormat()	M
	getForwardPeriod()	M
	getIntercept()	M
	getLabel()	M
	getMovingAveragePeriod()	M
	getName()	M
	getPolynomialOrder()	M
	getShowEquation()	M
	getShowRSquared()	M
	getType()	M
	setBackwardPeriod(backwardPeriod)	M
	setForwardPeriod(forwardPeriod)	M
	setIntercept(intercept)	M
	setMovingAveragePeriod(movingAveragePeriod)	M
	setName(name)	M
	setPolynomialOrder(polynomialOrder)	M
	setShowEquation(showEquation)	M
	setShowRSquared(showRSquared)	M
	setType(type)	M
ChartTrendlineFormat		C
	getLine()	M
ChartTrendlineLabel		C
	getAutoText()	M
	getFormat()	M
	getFormula()	M
	getHeight()	M
	getHorizontalAlignment()	M
	getLeft()	M
	getLinkNumberFormat()	M
	getNumberFormat()	M
	getText()	M
	getTextOrientation()	M
	getTop()	M
	getVerticalAlignment()	M
	getWidth()	M
	setAutoText(autoText)	M
	setFormula(formula)	M
	setHorizontalAlignment(horizontalAlignment)	M
	setLeft(left)	M
	setLinkNumberFormat(linkNumberFormat)	M
	setNumberFormat(numberFormat)	M
	setText(text)	M
	setTextOrientation(textOrientation)	M
	setTop(top)	M
	setVerticalAlignment(verticalAlignment)	M
ChartTrendlineLabelFormat		C
	getBorder()	M
	getFill()	M
	getFont()	M
ChartTrendlineType		C
	exponential	E
	linear	E
	logarithmic	E
	movingAverage	E
	polynomial	E
	power	E
ChartType		C
	area	E
	areaStacked	E
	areaStacked100	E
	barClustered	E
	barOfPie	E
	barStacked	E
	barStacked100	E
	boxwhisker	E
	bubble	E
	bubble3DEffect	E
	columnClustered	E
	columnStacked	E
	columnStacked100	E
	coneBarClustered	E
	coneBarStacked	E
	coneBarStacked100	E
	coneCol	E
	coneColClustered	E
	coneColStacked	E
	coneColStacked100	E
	cylinderBarClustered	E
	cylinderBarStacked	E
	cylinderBarStacked100	E
	cylinderCol	E
	cylinderColClustered	E
	cylinderColStacked	E
	cylinderColStacked100	E
	doughnut	E
	doughnutExploded	E
	funnel	E
	histogram	E
	invalid	E
	line	E
	lineMarkers	E
	lineMarkersStacked	E
	lineMarkersStacked100	E
	lineStacked	E
	lineStacked100	E
	pareto	E
	pie	E
	pieExploded	E
	pieOfPie	E
	pyramidBarClustered	E
	pyramidBarStacked	E
	pyramidBarStacked100	E
	pyramidCol	E
	pyramidColClustered	E
	pyramidColStacked	E
	pyramidColStacked100	E
	radar	E
	radarFilled	E
	radarMarkers	E
	regionMap	E
	stockHLC	E
	stockOHLC	E
	stockVHLC	E
	stockVOHLC	E
	sunburst	E
	surface	E
	surfaceTopView	E
	surfaceTopViewWireframe	E
	surfaceWireframe	E
	treemap	E
	waterfall	E
	xyscatter	E
	xyscatterLines	E
	xyscatterLinesNoMarkers	E
	xyscatterSmooth	E
	xyscatterSmoothNoMarkers	E
ChartUnderlineStyle		C
	none	E
	single	E
ClearApplyTo		C
	all	E
	contents	E
	formats	E
	hyperlinks	E
	removeHyperlinks	E
ColorScaleConditionalFormat		C
	getCriteria()	M
	getThreeColorScale()	M
	setCriteria(criteria)	M
Comment		C
	addCommentReply(content	M
	delete()	M
	getAuthorEmail()	M
	getAuthorName()	M
	getCommentReply(commentReplyId)	M
	getContent()	M
	getContentType()	M
	getCreationDate()	M
	getId()	M
	getLocation()	M
	getMentions()	M
	getReplies()	M
	getResolved()	M
	getRichContent()	M
	setContent(content)	M
	setResolved(resolved)	M
	updateMentions(contentWithMentions)	M
CommentMention		C
	email	P
	id	P
	name	P
CommentReply		C
	delete()	M
	getAuthorEmail()	M
	getAuthorName()	M
	getContent()	M
	getContentType()	M
	getCreationDate()	M
	getId()	M
	getLocation()	M
	getMentions()	M
	getParentComment()	M
	getResolved()	M
	getRichContent()	M
	setContent(content)	M
	updateMentions(contentWithMentions)	M
CommentRichContent		C
	mentions	P
	richContent	P
ConditionalCellValueOperator		C
	between	E
	equalTo	E
	greaterThan	E
	greaterThanOrEqual	E
	invalid	E
	lessThan	E
	lessThanOrEqual	E
	notBetween	E
	notEqualTo	E
ConditionalCellValueRule		C
	formula1	P
	formula2	P
	operator	P
ConditionalColorScaleCriteria		C
	maximum	P
	midpoint	P
	minimum	P
ConditionalColorScaleCriterion		C
	color	P
	formula	P
	type	P
ConditionalDataBarAxisFormat		C
	automatic	E
	cellMidPoint	E
	none	E
ConditionalDataBarDirection		C
	context	E
	leftToRight	E
	rightToLeft	E
ConditionalDataBarNegativeFormat		C
	getBorderColor()	M
	getFillColor()	M
	getMatchPositiveBorderColor()	M
	getMatchPositiveFillColor()	M
	setBorderColor(borderColor)	M
	setFillColor(fillColor)	M
	setMatchPositiveBorderColor(matchPositiveBorderColor)	M
	setMatchPositiveFillColor(matchPositiveFillColor)	M
ConditionalDataBarPositiveFormat		C
	getBorderColor()	M
	getFillColor()	M
	getGradientFill()	M
	setBorderColor(borderColor)	M
	setFillColor(fillColor)	M
	setGradientFill(gradientFill)	M
ConditionalDataBarRule		C
	formula	P
	type	P
ConditionalFormat		C
	delete()	M
	getCellValue()	M
	getColorScale()	M
	getCustom()	M
	getDataBar()	M
	getIconSet()	M
	getId()	M
	getPreset()	M
	getPriority()	M
	getRange()	M
	getRanges()	M
	getStopIfTrue()	M
	getTextComparison()	M
	getTopBottom()	M
	getType()	M
	setPriority(priority)	M
	setStopIfTrue(stopIfTrue)	M
ConditionalFormatColorCriterionType		C
	formula	E
	highestValue	E
	invalid	E
	lowestValue	E
	number	E
	percent	E
	percentile	E
ConditionalFormatDirection		C
	bottom	E
	top	E
ConditionalFormatIconRuleType		C
	formula	E
	invalid	E
	number	E
	percent	E
	percentile	E
ConditionalFormatPresetCriterion		C
	aboveAverage	E
	belowAverage	E
	blanks	E
	duplicateValues	E
	equalOrAboveAverage	E
	equalOrBelowAverage	E
	errors	E
	invalid	E
	lastMonth	E
	lastSevenDays	E
	lastWeek	E
	nextMonth	E
	nextWeek	E
	nonBlanks	E
	nonErrors	E
	oneStdDevAboveAverage	E
	oneStdDevBelowAverage	E
	thisMonth	E
	thisWeek	E
	threeStdDevAboveAverage	E
	threeStdDevBelowAverage	E
	today	E
	tomorrow	E
	twoStdDevAboveAverage	E
	twoStdDevBelowAverage	E
	uniqueValues	E
	yesterday	E
ConditionalFormatRule		C
	getFormula()	M
	getFormulaLocal()	M
	setFormula(formula)	M
	setFormulaLocal(formulaLocal)	M
ConditionalFormatRuleType		C
	automatic	E
	formula	E
	highestValue	E
	invalid	E
	lowestValue	E
	number	E
	percent	E
	percentile	E
ConditionalFormatType		C
	cellValue	E
	colorScale	E
	containsText	E
	custom	E
	dataBar	E
	iconSet	E
	presetCriteria	E
	topBottom	E
ConditionalIconCriterion		C
	customIcon	P
	formula	P
	operator	P
	type	P
ConditionalIconCriterionOperator		C
	greaterThan	E
	greaterThanOrEqual	E
	invalid	E
ConditionalPresetCriteriaRule		C
	criterion	P
ConditionalRangeBorder		C
	getColor()	M
	getSideIndex()	M
	getStyle()	M
	setColor(color)	M
	setStyle(style)	M
ConditionalRangeBorderIndex		C
	edgeBottom	E
	edgeLeft	E
	edgeRight	E
	edgeTop	E
ConditionalRangeBorderLineStyle		C
	continuous	E
	dash	E
	dashDot	E
	dashDotDot	E
	dot	E
	none	E
ConditionalRangeFill		C
	clear()	M
	getColor()	M
	setColor(color)	M
ConditionalRangeFont		C
	clear()	M
	getBold()	M
	getColor()	M
	getItalic()	M
	getStrikethrough()	M
	getUnderline()	M
	setBold(bold)	M
	setColor(color)	M
	setItalic(italic)	M
	setStrikethrough(strikethrough)	M
	setUnderline(underline)	M
ConditionalRangeFontUnderlineStyle		C
	double	E
	none	E
	single	E
ConditionalRangeFormat		C
	getBorders()	M
	getConditionalRangeBorder(index)	M
	getConditionalRangeBorderBottom()	M
	getConditionalRangeBorderLeft()	M
	getConditionalRangeBorderRight()	M
	getConditionalRangeBorderTop()	M
	getFill()	M
	getFont()	M
	getNumberFormat()	M
	setNumberFormat(numberFormat)	M
ConditionalTextComparisonRule		C
	operator	P
	text	P
ConditionalTextOperator		C
	beginsWith	E
	contains	E
	endsWith	E
	invalid	E
	notContains	E
ConditionalTopBottomCriterionType		C
	bottomItems	E
	bottomPercent	E
	invalid	E
	topItems	E
	topPercent	E
ConditionalTopBottomRule		C
	rank	P
	type	P
ConnectorType		C
	curve	E
	elbow	E
	straight	E
ContentType		C
	mention	E
	plain	E
CultureInfo		C
	getDatetimeFormat()	M
	getName()	M
	getNumberFormat()	M
CustomConditionalFormat		C
	getFormat()	M
	getRule()	M
CustomDataValidation		C
	formula	P
CustomProperty		C
	delete()	M
	getKey()	M
	getType()	M
	getValue()	M
	setValue(value)	M
CustomXmlPart		C
	delete()	M
	getId()	M
	getNamespaceUri()	M
	getXml()	M
	setXml(xml)	M
DataBarConditionalFormat		C
	getAxisColor()	M
	getAxisFormat()	M
	getBarDirection()	M
	getLowerBoundRule()	M
	getNegativeFormat()	M
	getPositiveFormat()	M
	getShowDataBarOnly()	M
	getUpperBoundRule()	M
	setAxisColor(axisColor)	M
	setAxisFormat(axisFormat)	M
	setBarDirection(barDirection)	M
	setLowerBoundRule(lowerBoundRule)	M
	setShowDataBarOnly(showDataBarOnly)	M
	setUpperBoundRule(upperBoundRule)	M
DataPivotHierarchy		C
	getField()	M
	getId()	M
	getName()	M
	getNumberFormat()	M
	getPosition()	M
	getShowAs()	M
	getSummarizeBy()	M
	setName(name)	M
	setNumberFormat(numberFormat)	M
	setPosition(position)	M
	setShowAs(showAs)	M
	setSummarizeBy(summarizeBy)	M
	setToDefault()	M
DataValidation		C
	clear()	M
	getErrorAlert()	M
	getIgnoreBlanks()	M
	getInvalidCells()	M
	getPrompt()	M
	getRule()	M
	getType()	M
	getValid()	M
	setErrorAlert(errorAlert)	M
	setIgnoreBlanks(ignoreBlanks)	M
	setPrompt(prompt)	M
	setRule(rule)	M
DataValidationAlertStyle		C
	information	E
	stop	E
	warning	E
DataValidationErrorAlert		C
	message	P
	showAlert	P
	style	P
	title	P
DataValidationOperator		C
	between	E
	equalTo	E
	greaterThan	E
	greaterThanOrEqualTo	E
	lessThan	E
	lessThanOrEqualTo	E
	notBetween	E
	notEqualTo	E
DataValidationPrompt		C
	message	P
	showPrompt	P
	title	P
DataValidationRule		C
	custom	P
	date	P
	decimal	P
	list	P
	textLength	P
	time	P
	wholeNumber	P
DataValidationType		C
	custom	E
	date	E
	decimal	E
	inconsistent	E
	list	E
	mixedCriteria	E
	none	E
	textLength	E
	time	E
	wholeNumber	E
DateFilterCondition		C
	after	E
	afterOrEqualTo	E
	allDatesInPeriodApril	E
	allDatesInPeriodAugust	E
	allDatesInPeriodDecember	E
	allDatesInPeriodFebruary	E
	allDatesInPeriodJanuary	E
	allDatesInPeriodJuly	E
	allDatesInPeriodJune	E
	allDatesInPeriodMarch	E
	allDatesInPeriodMay	E
	allDatesInPeriodNovember	E
	allDatesInPeriodOctober	E
	allDatesInPeriodQuarter1	E
	allDatesInPeriodQuarter2	E
	allDatesInPeriodQuarter3	E
	allDatesInPeriodQuarter4	E
	allDatesInPeriodSeptember	E
	before	E
	beforeOrEqualTo	E
	between	E
	equals	E
	lastMonth	E
	lastQuarter	E
	lastWeek	E
	lastYear	E
	nextMonth	E
	nextQuarter	E
	nextWeek	E
	nextYear	E
	thisMonth	E
	thisQuarter	E
	thisWeek	E
	thisYear	E
	today	E
	tomorrow	E
	unknown	E
	yearToDate	E
	yesterday	E
DateTimeDataValidation		C
	formula1	P
	formula2	P
	operator	P
DatetimeFormatInfo		C
	getDateSeparator()	M
	getLongDatePattern()	M
	getLongTimePattern()	M
	getShortDatePattern()	M
	getTimeSeparator()	M
DeleteShiftDirection		C
	left	E
	up	E
DocumentProperties		C
	addCustomProperty(key	M
	deleteAllCustomProperties()	M
	getAuthor()	M
	getCategory()	M
	getComments()	M
	getCompany()	M
	getCreationDate()	M
	getCustom()	M
	getCustomProperty(key)	M
	getKeywords()	M
	getLastAuthor()	M
	getManager()	M
	getRevisionNumber()	M
	getSubject()	M
	getTitle()	M
	setAuthor(author)	M
	setCategory(category)	M
	setComments(comments)	M
	setCompany(company)	M
	setKeywords(keywords)	M
	setManager(manager)	M
	setRevisionNumber(revisionNumber)	M
	setSubject(subject)	M
	setTitle(title)	M
DocumentPropertyType		C
	boolean	E
	date	E
	float	E
	number	E
	string	E
DynamicFilterCriteria		C
	aboveAverage	E
	allDatesInPeriodApril	E
	allDatesInPeriodAugust	E
	allDatesInPeriodDecember	E
	allDatesInPeriodFebruary	E
	allDatesInPeriodJanuary	E
	allDatesInPeriodJuly	E
	allDatesInPeriodJune	E
	allDatesInPeriodMarch	E
	allDatesInPeriodMay	E
	allDatesInPeriodNovember	E
	allDatesInPeriodOctober	E
	allDatesInPeriodQuarter1	E
	allDatesInPeriodQuarter2	E
	allDatesInPeriodQuarter3	E
	allDatesInPeriodQuarter4	E
	allDatesInPeriodSeptember	E
	belowAverage	E
	lastMonth	E
	lastQuarter	E
	lastWeek	E
	lastYear	E
	nextMonth	E
	nextQuarter	E
	nextWeek	E
	nextYear	E
	thisMonth	E
	thisQuarter	E
	thisWeek	E
	thisYear	E
	today	E
	tomorrow	E
	unknown	E
	yearToDate	E
	yesterday	E
FillPattern		C
	checker	E
	crissCross	E
	down	E
	gray16	E
	gray25	E
	gray50	E
	gray75	E
	gray8	E
	grid	E
	horizontal	E
	lightDown	E
	lightHorizontal	E
	lightUp	E
	lightVertical	E
	linearGradient	E
	none	E
	rectangularGradient	E
	semiGray75	E
	solid	E
	up	E
	vertical	E
Filter		C
	apply(criteria)	M
	applyBottomItemsFilter(count)	M
	applyBottomPercentFilter(percent)	M
	applyCellColorFilter(color)	M
	applyCustomFilter(criteria1	M
	applyDynamicFilter(criteria)	M
	applyFontColorFilter(color)	M
	applyIconFilter(icon)	M
	applyTopItemsFilter(count)	M
	applyTopPercentFilter(percent)	M
	applyValuesFilter(values)	M
	clear()	M
	getCriteria()	M
FilterCriteria		C
	color	P
	criterion1	P
	criterion2	P
	dynamicCriteria	P
	filterOn	P
	icon	P
	operator	P
	subField	P
	values	P
FilterDatetime		C
	date	P
	specificity	P
FilterDatetimeSpecificity		C
	day	E
	hour	E
	minute	E
	month	E
	second	E
	year	E
FilterOn		C
	bottomItems	E
	bottomPercent	E
	cellColor	E
	custom	E
	dynamic	E
	fontColor	E
	icon	E
	topItems	E
	topPercent	E
	values	E
FilterOperator		C
	and	E
	or	E
FilterPivotHierarchy		C
	getEnableMultipleFilterItems()	M
	getFields()	M
	getId()	M
	getName()	M
	getPivotField(name)	M
	getPosition()	M
	setEnableMultipleFilterItems(enableMultipleFilterItems)	M
	setName(name)	M
	setPosition(position)	M
	setToDefault()	M
FormatProtection		C
	getFormulaHidden()	M
	getLocked()	M
	setFormulaHidden(formulaHidden)	M
	setLocked(locked)	M
GeometricShape		C
	getId()	M
GeometricShapeType		C
	accentBorderCallout1	E
	accentBorderCallout2	E
	accentBorderCallout3	E
	accentCallout1	E
	accentCallout2	E
	accentCallout3	E
	actionButtonBackPrevious	E
	actionButtonBeginning	E
	actionButtonBlank	E
	actionButtonDocument	E
	actionButtonEnd	E
	actionButtonForwardNext	E
	actionButtonHelp	E
	actionButtonHome	E
	actionButtonInformation	E
	actionButtonMovie	E
	actionButtonReturn	E
	actionButtonSound	E
	arc	E
	bentArrow	E
	bentUpArrow	E
	bevel	E
	blockArc	E
	borderCallout1	E
	borderCallout2	E
	borderCallout3	E
	bracePair	E
	bracketPair	E
	callout1	E
	callout2	E
	callout3	E
	can	E
	chartPlus	E
	chartStar	E
	chartX	E
	chevron	E
	chord	E
	circularArrow	E
	cloud	E
	cloudCallout	E
	corner	E
	cornerTabs	E
	cube	E
	curvedDownArrow	E
	curvedLeftArrow	E
	curvedRightArrow	E
	curvedUpArrow	E
	decagon	E
	diagonalStripe	E
	diamond	E
	dodecagon	E
	donut	E
	doubleWave	E
	downArrow	E
	downArrowCallout	E
	ellipse	E
	ellipseRibbon	E
	ellipseRibbon2	E
	flowChartAlternateProcess	E
	flowChartCollate	E
	flowChartConnector	E
	flowChartDecision	E
	flowChartDelay	E
	flowChartDisplay	E
	flowChartDocument	E
	flowChartExtract	E
	flowChartInputOutput	E
	flowChartInternalStorage	E
	flowChartMagneticDisk	E
	flowChartMagneticDrum	E
	flowChartMagneticTape	E
	flowChartManualInput	E
	flowChartManualOperation	E
	flowChartMerge	E
	flowChartMultidocument	E
	flowChartOfflineStorage	E
	flowChartOffpageConnector	E
	flowChartOnlineStorage	E
	flowChartOr	E
	flowChartPredefinedProcess	E
	flowChartPreparation	E
	flowChartProcess	E
	flowChartPunchedCard	E
	flowChartPunchedTape	E
	flowChartSort	E
	flowChartSummingJunction	E
	flowChartTerminator	E
	foldedCorner	E
	frame	E
	funnel	E
	gear6	E
	gear9	E
	halfFrame	E
	heart	E
	heptagon	E
	hexagon	E
	homePlate	E
	horizontalScroll	E
	irregularSeal1	E
	irregularSeal2	E
	leftArrow	E
	leftArrowCallout	E
	leftBrace	E
	leftBracket	E
	leftCircularArrow	E
	leftRightArrow	E
	leftRightArrowCallout	E
	leftRightCircularArrow	E
	leftRightRibbon	E
	leftRightUpArrow	E
	leftUpArrow	E
	lightningBolt	E
	lineInverse	E
	mathDivide	E
	mathEqual	E
	mathMinus	E
	mathMultiply	E
	mathNotEqual	E
	mathPlus	E
	moon	E
	nonIsoscelesTrapezoid	E
	noSmoking	E
	notchedRightArrow	E
	octagon	E
	parallelogram	E
	pentagon	E
	pie	E
	pieWedge	E
	plaque	E
	plaqueTabs	E
	plus	E
	quadArrow	E
	quadArrowCallout	E
	rectangle	E
	ribbon	E
	ribbon2	E
	rightArrow	E
	rightArrowCallout	E
	rightBrace	E
	rightBracket	E
	rightTriangle	E
	round1Rectangle	E
	round2DiagonalRectangle	E
	round2SameRectangle	E
	roundRectangle	E
	smileyFace	E
	snip1Rectangle	E
	snip2DiagonalRectangle	E
	snip2SameRectangle	E
	snipRoundRectangle	E
	squareTabs	E
	star10	E
	star12	E
	star16	E
	star24	E
	star32	E
	star4	E
	star5	E
	star6	E
	star7	E
	star8	E
	stripedRightArrow	E
	sun	E
	swooshArrow	E
	teardrop	E
	trapezoid	E
	triangle	E
	upArrow	E
	upArrowCallout	E
	upDownArrow	E
	upDownArrowCallout	E
	uturnArrow	E
	verticalScroll	E
	wave	E
	wedgeEllipseCallout	E
	wedgeRectCallout	E
	wedgeRRectCallout	E
GroupOption		C
	byColumns	E
	byRows	E
HeaderFooter		C
	getCenterFooter()	M
	getCenterHeader()	M
	getLeftFooter()	M
	getLeftHeader()	M
	getRightFooter()	M
	getRightHeader()	M
	setCenterFooter(centerFooter)	M
	setCenterHeader(centerHeader)	M
	setLeftFooter(leftFooter)	M
	setLeftHeader(leftHeader)	M
	setRightFooter(rightFooter)	M
	setRightHeader(rightHeader)	M
HeaderFooterGroup		C
	getDefaultForAllPages()	M
	getEvenPages()	M
	getFirstPage()	M
	getOddPages()	M
	getState()	M
	getUseSheetMargins()	M
	getUseSheetScale()	M
	setState(state)	M
	setUseSheetMargins(useSheetMargins)	M
	setUseSheetScale(useSheetScale)	M
HeaderFooterState		C
	default	E
	firstAndDefault	E
	firstOddAndEven	E
	oddAndEven	E
HorizontalAlignment		C
	center	E
	centerAcrossSelection	E
	distributed	E
	fill	E
	general	E
	justify	E
	left	E
	right	E
Icon		C
	index	P
	set	P
IconSet		C
	fiveArrows	E
	fiveArrowsGray	E
	fiveBoxes	E
	fiveQuarters	E
	fiveRating	E
	fourArrows	E
	fourArrowsGray	E
	fourRating	E
	fourRedToBlack	E
	fourTrafficLights	E
	invalid	E
	threeArrows	E
	threeArrowsGray	E
	threeFlags	E
	threeSigns	E
	threeStars	E
	threeSymbols	E
	threeSymbols2	E
	threeTrafficLights1	E
	threeTrafficLights2	E
	threeTriangles	E
IconSetConditionalFormat		C
	getCriteria()	M
	getReverseIconOrder()	M
	getShowIconOnly()	M
	getStyle()	M
	setCriteria(criteria)	M
	setReverseIconOrder(reverseIconOrder)	M
	setShowIconOnly(showIconOnly)	M
	setStyle(style)	M
Image		C
	getFormat()	M
	getId()	M
	getShape()	M
ImageFittingMode		C
	fill	E
	fit	E
	fitAndCenter	E
InsertShiftDirection		C
	down	E
	right	E
IterativeCalculation		C
	getEnabled()	M
	getMaxChange()	M
	getMaxIteration()	M
	setEnabled(enabled)	M
	setMaxChange(maxChange)	M
	setMaxIteration(maxIteration)	M
KeyboardDirection		C
	down	E
	left	E
	right	E
	up	E
LabelFilterCondition		C
	beginsWith	E
	between	E
	contains	E
	endsWith	E
	equals	E
	greaterThan	E
	greaterThanOrEqualTo	E
	lessThan	E
	lessThanOrEqualTo	E
	unknown	E
Line		C
	connectBeginShape(shape	M
	connectEndShape(shape	M
	disconnectBeginShape()	M
	disconnectEndShape()	M
	getBeginArrowheadLength()	M
	getBeginArrowheadStyle()	M
	getBeginArrowheadWidth()	M
	getBeginConnectedShape()	M
	getBeginConnectedSite()	M
	getConnectorType()	M
	getEndArrowheadLength()	M
	getEndArrowheadStyle()	M
	getEndArrowheadWidth()	M
	getEndConnectedShape()	M
	getEndConnectedSite()	M
	getId()	M
	getIsBeginConnected()	M
	getIsEndConnected()	M
	getShape()	M
	setBeginArrowheadLength(beginArrowheadLength)	M
	setBeginArrowheadStyle(beginArrowheadStyle)	M
	setBeginArrowheadWidth(beginArrowheadWidth)	M
	setConnectorType(connectorType)	M
	setEndArrowheadLength(endArrowheadLength)	M
	setEndArrowheadStyle(endArrowheadStyle)	M
	setEndArrowheadWidth(endArrowheadWidth)	M
LinkedDataTypeState		C
	brokenLinkedData	E
	disambiguationNeeded	E
	fetchingData	E
	none	E
	validLinkedData	E
LinkedWorkbook		C
	breakLinks()	M
	refreshLinks()	M
ListDataValidation		C
	inCellDropDown	P
	source	P
NamedItem		C
	delete()	M
	getArrayValues()	M
	getComment()	M
	getFormula()	M
	getName()	M
	getRange()	M
	getScope()	M
	getType()	M
	getValue()	M
	getVisible()	M
	getWorksheet()	M
	setComment(comment)	M
	setFormula(formula)	M
	setVisible(visible)	M
NamedItemArrayValues		C
	getTypes()	M
	getValues()	M
NamedItemScope		C
	workbook	E
	worksheet	E
NamedItemType		C
	array	E
	boolean	E
	double	E
	error	E
	integer	E
	range	E
	string	E
NamedSheetView		C
	activate()	M
	delete()	M
	duplicate(name)	M
	getName()	M
	setName(name)	M
NumberFormatCategory		C
	accounting	E
	currency	E
	custom	E
	date	E
	fraction	E
	general	E
	number	E
	percentage	E
	scientific	E
	special	E
	text	E
	time	E
NumberFormatInfo		C
	getNumberDecimalSeparator()	M
	getNumberGroupSeparator()	M
PageBreak		C
	delete()	M
	getCellAfterBreak()	M
	getColumnIndex()	M
PageLayout		C
	getBlackAndWhite()	M
	getBottomMargin()	M
	getCenterHorizontally()	M
	getCenterVertically()	M
	getDraftMode()	M
	getFirstPageNumber()	M
	getFooterMargin()	M
	getHeaderMargin()	M
	getHeadersFooters()	M
	getLeftMargin()	M
	getOrientation()	M
	getPaperSize()	M
	getPrintArea()	M
	getPrintComments()	M
	getPrintErrors()	M
	getPrintGridlines()	M
	getPrintHeadings()	M
	getPrintOrder()	M
	getPrintTitleColumns()	M
	getPrintTitleRows()	M
	getRightMargin()	M
	getTopMargin()	M
	getZoom()	M
	setBlackAndWhite(blackAndWhite)	M
	setBottomMargin(bottomMargin)	M
	setCenterHorizontally(centerHorizontally)	M
	setCenterVertically(centerVertically)	M
	setDraftMode(draftMode)	M
	setFirstPageNumber(firstPageNumber)	M
	setFooterMargin(footerMargin)	M
	setHeaderMargin(headerMargin)	M
	setLeftMargin(leftMargin)	M
	setOrientation(orientation)	M
	setPaperSize(paperSize)	M
	setPrintArea(printArea)	M
	setPrintComments(printComments)	M
	setPrintErrors(printErrors)	M
	setPrintGridlines(printGridlines)	M
	setPrintHeadings(printHeadings)	M
	setPrintMargins(unit	M
	setPrintOrder(printOrder)	M
	setPrintTitleColumns(printTitleColumns)	M
	setPrintTitleRows(printTitleRows)	M
	setRightMargin(rightMargin)	M
	setTopMargin(topMargin)	M
	setZoom(zoom)	M
PageLayoutMarginOptions		C
	bottom	P
	footer	P
	header	P
	left	P
	right	P
	top	P
PageLayoutZoomOptions		C
	horizontalFitToPages	P
	scale	P
	verticalFitToPages	P
PageOrientation		C
	landscape	E
	portrait	E
PaperType		C
	a3	E
	a4	E
	a4Small	E
	a5	E
	b4	E
	b5	E
	csheet	E
	dsheet	E
	envelope10	E
	envelope11	E
	envelope12	E
	envelope14	E
	envelope9	E
	envelopeB4	E
	envelopeB5	E
	envelopeB6	E
	envelopeC3	E
	envelopeC4	E
	envelopeC5	E
	envelopeC6	E
	envelopeC65	E
	envelopeDL	E
	envelopeItaly	E
	envelopeMonarch	E
	envelopePersonal	E
	esheet	E
	executive	E
	fanfoldLegalGerman	E
	fanfoldStdGerman	E
	fanfoldUS	E
	folio	E
	ledger	E
	legal	E
	letter	E
	letterSmall	E
	note	E
	paper10x14	E
	paper11x17	E
	quatro	E
	statement	E
	tabloid	E
PictureFormat		C
	bmp	E
	gif	E
	jpeg	E
	png	E
	svg	E
	unknown	E
PivotAxis		C
	column	E
	data	E
	filter	E
	row	E
	unknown	E
PivotDateFilter		C
	comparator	P
	condition	P
	exclusive	P
	lowerBound	P
	upperBound	P
	wholeDays	P
PivotField		C
	applyFilter(filter)	M
	clearAllFilters()	M
	clearFilter(filterType)	M
	getFilters()	M
	getId()	M
	getItems()	M
	getName()	M
	getPivotItem(name)	M
	getShowAllItems()	M
	getSubtotals()	M
	isFiltered(filterType)	M
	setName(name)	M
	setShowAllItems(showAllItems)	M
	setSubtotals(subtotals)	M
	sortByLabels(sortBy)	M
	sortByValues(sortBy	M
PivotFilters		C
	dateFilter	P
	labelFilter	P
	manualFilter	P
	valueFilter	P
PivotFilterTopBottomCriterion		C
	bottomItems	E
	bottomPercent	E
	bottomSum	E
	invalid	E
	topItems	E
	topPercent	E
	topSum	E
PivotFilterType		C
	date	E
	label	E
	manual	E
	unknown	E
	value	E
PivotHierarchy		C
	getFields()	M
	getId()	M
	getName()	M
	getPivotField(name)	M
	setName(name)	M
PivotItem		C
	getId()	M
	getIsExpanded()	M
	getName()	M
	getVisible()	M
	setIsExpanded(isExpanded)	M
	setName(name)	M
	setVisible(visible)	M
PivotLabelFilter		C
	condition	P
	exclusive	P
	lowerBound	P
	substring	P
	upperBound	P
PivotLayout		C
	getAutoFormat()	M
	getBodyAndTotalRange()	M
	getColumnLabelRange()	M
	getDataHierarchy(cell)	M
	getEnableFieldList()	M
	getFilterAxisRange()	M
	getLayoutType()	M
	getPreserveFormatting()	M
	getRange()	M
	getRowLabelRange()	M
	getShowColumnGrandTotals()	M
	getShowRowGrandTotals()	M
	getSubtotalLocation()	M
	setAutoFormat(autoFormat)	M
	setAutoSortOnCell(cell	M
	setEnableFieldList(enableFieldList)	M
	setLayoutType(layoutType)	M
	setPreserveFormatting(preserveFormatting)	M
	setShowColumnGrandTotals(showColumnGrandTotals)	M
	setShowRowGrandTotals(showRowGrandTotals)	M
	setSubtotalLocation(subtotalLocation)	M
PivotLayoutType		C
	compact	E
	outline	E
	tabular	E
PivotManualFilter		C
	selectedItems	P
PivotTable		C
	addColumnHierarchy(pivotHierarchy)	M
	addDataHierarchy(pivotHierarchy)	M
	addFilterHierarchy(pivotHierarchy)	M
	addRowHierarchy(pivotHierarchy)	M
	delete()	M
	getAllowMultipleFiltersPerField()	M
	getColumnHierarchies()	M
	getColumnHierarchy(name)	M
	getDataHierarchies()	M
	getDataHierarchy(name)	M
	getEnableDataValueEditing()	M
	getFilterHierarchies()	M
	getFilterHierarchy(name)	M
	getHierarchies()	M
	getHierarchy(name)	M
	getId()	M
	getLayout()	M
	getName()	M
	getRowHierarchies()	M
	getRowHierarchy(name)	M
	getUseCustomSortLists()	M
	getWorksheet()	M
	refresh()	M
	removeColumnHierarchy(rowColumnPivotHierarchy)	M
	removeDataHierarchy(DataPivotHierarchy)	M
	removeFilterHierarchy(filterPivotHierarchy)	M
	removeRowHierarchy(rowColumnPivotHierarchy)	M
	setAllowMultipleFiltersPerField(allowMultipleFiltersPerField)	M
	setEnableDataValueEditing(enableDataValueEditing)	M
	setName(name)	M
	setUseCustomSortLists(useCustomSortLists)	M
PivotTableStyle		C
	delete()	M
	duplicate()	M
	getName()	M
	getReadOnly()	M
	setName(name)	M
PivotValueFilter		C
	comparator	P
	condition	P
	exclusive	P
	lowerBound	P
	selectionType	P
	threshold	P
	upperBound	P
	value	P
Placement		C
	absolute	E
	oneCell	E
	twoCell	E
PredefinedCellStyle		C
	delete()	M
	getAutoIndent()	M
	getBorders()	M
	getBuiltIn()	M
	getFill()	M
	getFont()	M
	getFormulaHidden()	M
	getHorizontalAlignment()	M
	getIncludeAlignment()	M
	getIncludeBorder()	M
	getIncludeFont()	M
	getIncludeNumber()	M
	getIncludePatterns()	M
	getIncludeProtection()	M
	getIndentLevel()	M
	getLocked()	M
	getName()	M
	getNumberFormat()	M
	getNumberFormatLocal()	M
	getRangeBorder(index)	M
	getRangeBorderTintAndShade()	M
	getReadingOrder()	M
	getShrinkToFit()	M
	getTextOrientation()	M
	getVerticalAlignment()	M
	getWrapText()	M
	setAutoIndent(autoIndent)	M
	setFormulaHidden(formulaHidden)	M
	setHorizontalAlignment(horizontalAlignment)	M
	setIncludeAlignment(includeAlignment)	M
	setIncludeBorder(includeBorder)	M
	setIncludeFont(includeFont)	M
	setIncludeNumber(includeNumber)	M
	setIncludePatterns(includePatterns)	M
	setIncludeProtection(includeProtection)	M
	setIndentLevel(indentLevel)	M
	setLocked(locked)	M
	setNumberFormat(numberFormat)	M
	setNumberFormatLocal(numberFormatLocal)	M
	setRangeBorderTintAndShade(rangeBorderTintAndShade)	M
	setReadingOrder(readingOrder)	M
	setShrinkToFit(shrinkToFit)	M
	setTextOrientation(textOrientation)	M
	setVerticalAlignment(verticalAlignment)	M
	setWrapText(wrapText)	M
PresetCriteriaConditionalFormat		C
	getFormat()	M
	getRule()	M
	setRule(rule)	M
PrintComments		C
	endSheet	E
	inPlace	E
	noComments	E
PrintErrorType		C
	asDisplayed	E
	blank	E
	dash	E
	notAvailable	E
PrintMarginUnit		C
	centimeters	E
	inches	E
	points	E
PrintOrder		C
	downThenOver	E
	overThenDown	E
ProtectionSelectionMode		C
	none	E
	normal	E
	unlocked	E
Range		C
	addConditionalFormat(type)	M
	autoFill(destinationRange	M
	calculate()	M
	clear(applyTo)	M
	clearAllConditionalFormats()	M
	convertDataTypeToText()	M
	copyFrom(sourceRange	M
	delete(shift)	M
	find(text	M
	flashFill()	M
	getAbsoluteResizedRange(numRows	M
	getAddress()	M
	getAddressLocal()	M
	getBoundingRect(anotherRange)	M
	getCell(row	M
	getCellCount()	M
	getColumn(column)	M
	getColumnCount()	M
	getColumnHidden()	M
	getColumnIndex()	M
	getColumnsAfter(count)	M
	getColumnsBefore(count)	M
	getConditionalFormat(id)	M
	getConditionalFormats()	M
	getDataValidation()	M
	getDirectPrecedents()	M
	getEntireColumn()	M
	getEntireRow()	M
	getExtendedRange(direction	M
	getFormat()	M
	getFormula()	M
	getFormulaLocal()	M
	getFormulaR1C1()	M
	getFormulas()	M
	getFormulasLocal()	M
	getFormulasR1C1()	M
	getHasSpill()	M
	getHeight()	M
	getHidden()	M
	getHyperlink()	M
	getImage()	M
	getIntersection(anotherRange)	M
	getIsEntireColumn()	M
	getIsEntireRow()	M
	getLastCell()	M
	getLastColumn()	M
	getLastRow()	M
	getLeft()	M
	getLinkedDataTypeState()	M
	getLinkedDataTypeStates()	M
	getMergedAreas()	M
	getNumberFormat()	M
	getNumberFormatCategories()	M
	getNumberFormatCategory()	M
	getNumberFormatLocal()	M
	getNumberFormats()	M
	getNumberFormatsLocal()	M
	getOffsetRange(rowOffset	M
	getPivotTables(fullyContained)	M
	getPredefinedCellStyle()	M
	getRangeEdge(direction	M
	getResizedRange(deltaRows	M
	getRow(row)	M
	getRowCount()	M
	getRowHidden()	M
	getRowIndex()	M
	getRowsAbove(count)	M
	getRowsBelow(count)	M
	getSavedAsArray()	M
	getSort()	M
	getSpecialCells(cellType	M
	getSpillingToRange()	M
	getSpillParent()	M
	getSurroundingRegion()	M
	getTables(fullyContained)	M
	getText()	M
	getTexts()	M
	getTop()	M
	getUsedRange(valuesOnly)	M
	getValue()	M
	getValues()	M
	getValueType()	M
	getValueTypes()	M
	getVisibleView()	M
	getWidth()	M
	getWorksheet()	M
	group(groupOption)	M
	hideGroupDetails(groupOption)	M
	insert(shift)	M
	merge(across)	M
	moveTo(destinationRange)	M
	removeDuplicates(columns	M
	replaceAll(text	M
	select()	M
	setColumnHidden(columnHidden)	M
	setDirty()	M
	setFormula(formula)	M
	setFormulaLocal(formulaLocal)	M
	setFormulaR1C1(formulaR1C1)	M
	setFormulas(formulas)	M
	setFormulasLocal(formulasLocal)	M
	setFormulasR1C1(formulasR1C1)	M
	setHyperlink(hyperlink)	M
	setNumberFormat(numberFormat)	M
	setNumberFormatLocal(numberFormatLocal)	M
	setNumberFormats(numberFormats)	M
	setNumberFormatsLocal(numberFormatsLocal)	M
	setPredefinedCellStyle(predefinedCellStyle)	M
	setRowHidden(rowHidden)	M
	setValue(value)	M
	setValues(values)	M
	showCard()	M
	showGroupDetails(groupOption)	M
	ungroup(groupOption)	M
	unmerge()	M
RangeAreas		C
	addConditionalFormat(type)	M
	calculate()	M
	clear(applyTo)	M
	clearAllConditionalFormats()	M
	convertDataTypeToText()	M
	copyFrom(sourceRange	M
	getAddress()	M
	getAddressLocal()	M
	getAreaCount()	M
	getAreas()	M
	getCellCount()	M
	getConditionalFormat(id)	M
	getConditionalFormats()	M
	getDataValidation()	M
	getEntireColumn()	M
	getEntireRow()	M
	getFormat()	M
	getIntersection(anotherRange)	M
	getIsEntireColumn()	M
	getIsEntireRow()	M
	getOffsetRangeAreas(rowOffset	M
	getPredefinedCellStyle()	M
	getSpecialCells(cellType	M
	getTables(fullyContained)	M
	getUsedRangeAreas(valuesOnly)	M
	getWorksheet()	M
	setDirty()	M
	setPredefinedCellStyle(predefinedCellStyle)	M
RangeBorder		C
	getColor()	M
	getSideIndex()	M
	getStyle()	M
	getTintAndShade()	M
	getWeight()	M
	setColor(color)	M
	setStyle(style)	M
	setTintAndShade(tintAndShade)	M
	setWeight(weight)	M
RangeCopyType		C
	all	E
	formats	E
	formulas	E
	link	E
	values	E
RangeFill		C
	clear()	M
	getColor()	M
	getPattern()	M
	getPatternColor()	M
	getPatternTintAndShade()	M
	getTintAndShade()	M
	setColor(color)	M
	setPattern(pattern)	M
	setPatternColor(patternColor)	M
	setPatternTintAndShade(patternTintAndShade)	M
	setTintAndShade(tintAndShade)	M
RangeFont		C
	getBold()	M
	getColor()	M
	getItalic()	M
	getName()	M
	getSize()	M
	getStrikethrough()	M
	getSubscript()	M
	getSuperscript()	M
	getTintAndShade()	M
	getUnderline()	M
	setBold(bold)	M
	setColor(color)	M
	setItalic(italic)	M
	setName(name)	M
	setSize(size)	M
	setStrikethrough(strikethrough)	M
	setSubscript(subscript)	M
	setSuperscript(superscript)	M
	setTintAndShade(tintAndShade)	M
	setUnderline(underline)	M
RangeFormat		C
	adjustIndent(amount)	M
	autofitColumns()	M
	autofitRows()	M
	getAutoIndent()	M
	getBorders()	M
	getColumnWidth()	M
	getFill()	M
	getFont()	M
	getHorizontalAlignment()	M
	getIndentLevel()	M
	getProtection()	M
	getRangeBorder(index)	M
	getRangeBorderTintAndShade()	M
	getReadingOrder()	M
	getRowHeight()	M
	getShrinkToFit()	M
	getTextOrientation()	M
	getUseStandardHeight()	M
	getUseStandardWidth()	M
	getVerticalAlignment()	M
	getWrapText()	M
	setAutoIndent(autoIndent)	M
	setColumnWidth(columnWidth)	M
	setHorizontalAlignment(horizontalAlignment)	M
	setIndentLevel(indentLevel)	M
	setRangeBorderTintAndShade(rangeBorderTintAndShade)	M
	setReadingOrder(readingOrder)	M
	setRowHeight(rowHeight)	M
	setShrinkToFit(shrinkToFit)	M
	setTextOrientation(textOrientation)	M
	setUseStandardHeight(useStandardHeight)	M
	setUseStandardWidth(useStandardWidth)	M
	setVerticalAlignment(verticalAlignment)	M
	setWrapText(wrapText)	M
RangeHyperlink		C
	address	P
	documentReference	P
	screenTip	P
	textToDisplay	P
RangeSort		C
	apply(fields	M
RangeUnderlineStyle		C
	double	E
	doubleAccountant	E
	none	E
	single	E
	singleAccountant	E
RangeValue		C
RangeValueType		C
	boolean	E
	double	E
	empty	E
	error	E
	integer	E
	richValue	E
	string	E
	unknown	E
RangeView		C
	getCellAddresses()	M
	getColumnCount()	M
	getFormulas()	M
	getFormulasLocal()	M
	getFormulasR1C1()	M
	getIndex()	M
	getNumberFormat()	M
	getRange()	M
	getRowCount()	M
	getRows()	M
	getText()	M
	getValues()	M
	getValueTypes()	M
	setFormulas(formulas)	M
	setFormulasLocal(formulasLocal)	M
	setFormulasR1C1(formulasR1C1)	M
	setNumberFormat(numberFormat)	M
	setValues(values)	M
ReadingOrder		C
	context	E
	leftToRight	E
	rightToLeft	E
RemoveDuplicatesResult		C
	getRemoved()	M
	getUniqueRemaining()	M
ReplaceCriteria		C
	completeMatch	P
	matchCase	P
RowColumnPivotHierarchy		C
	getFields()	M
	getId()	M
	getName()	M
	getPivotField(name)	M
	getPosition()	M
	setName(name)	M
	setPosition(position)	M
	setToDefault()	M
SearchCriteria		C
	completeMatch	P
	matchCase	P
	searchDirection	P
SearchDirection		C
	backwards	E
	forward	E
Shape		C
	copyTo(destinationSheet)	M
	delete()	M
	getAltTextDescription()	M
	getAltTextTitle()	M
	getAsImage(format)	M
	getConnectionSiteCount()	M
	getFill()	M
	getGeometricShape()	M
	getGeometricShapeType()	M
	getGroup()	M
	getHeight()	M
	getId()	M
	getImage()	M
	getImageAsBase64(format)	M
	getLeft()	M
	getLevel()	M
	getLine()	M
	getLineFormat()	M
	getLockAspectRatio()	M
	getName()	M
	getParentGroup()	M
	getPlacement()	M
	getRotation()	M
	getTextFrame()	M
	getTop()	M
	getType()	M
	getVisible()	M
	getWidth()	M
	getZOrderPosition()	M
	incrementLeft(increment)	M
	incrementRotation(increment)	M
	incrementTop(increment)	M
	scaleHeight(scaleFactor	M
	scaleWidth(scaleFactor	M
	setAltTextDescription(altTextDescription)	M
	setAltTextTitle(altTextTitle)	M
	setGeometricShapeType(geometricShapeType)	M
	setHeight(height)	M
	setLeft(left)	M
	setLockAspectRatio(lockAspectRatio)	M
	setName(name)	M
	setPlacement(placement)	M
	setRotation(rotation)	M
	setTop(top)	M
	setVisible(visible)	M
	setWidth(width)	M
	setZOrder(position)	M
ShapeAutoSize		C
	autoSizeMixed	E
	autoSizeNone	E
	autoSizeShapeToFitText	E
	autoSizeTextToFitShape	E
ShapeFill		C
	clear()	M
	getForegroundColor()	M
	getTransparency()	M
	getType()	M
	setForegroundColor(foregroundColor)	M
	setSolidColor(color)	M
	setTransparency(transparency)	M
ShapeFillType		C
	gradient	E
	mixed	E
	noFill	E
	pattern	E
	pictureAndTexture	E
	solid	E
ShapeFont		C
	getBold()	M
	getColor()	M
	getItalic()	M
	getName()	M
	getSize()	M
	getUnderline()	M
	setBold(bold)	M
	setColor(color)	M
	setItalic(italic)	M
	setName(name)	M
	setSize(size)	M
	setUnderline(underline)	M
ShapeFontUnderlineStyle		C
	dash	E
	dashHeavy	E
	dashLong	E
	dashLongHeavy	E
	dotDash	E
	dotDashHeavy	E
	dotDotDash	E
	dotDotDashHeavy	E
	dotted	E
	dottedHeavy	E
	double	E
	heavy	E
	none	E
	single	E
	wavy	E
	wavyDouble	E
	wavyHeavy	E
ShapeGroup		C
	getGroupShape()	M
	getId()	M
	getShape(key)	M
	getShapes()	M
	ungroup()	M
ShapeLineDashStyle		C
	dash	E
	dashDot	E
	dashDotDot	E
	longDash	E
	longDashDot	E
	longDashDotDot	E
	roundDot	E
	solid	E
	squareDot	E
	systemDash	E
	systemDashDot	E
	systemDot	E
ShapeLineFormat		C
	getColor()	M
	getDashStyle()	M
	getStyle()	M
	getTransparency()	M
	getVisible()	M
	getWeight()	M
	setColor(color)	M
	setDashStyle(dashStyle)	M
	setStyle(style)	M
	setTransparency(transparency)	M
	setVisible(visible)	M
	setWeight(weight)	M
ShapeLineStyle		C
	single	E
	thickBetweenThin	E
	thickThin	E
	thinThick	E
	thinThin	E
ShapeScaleFrom		C
	scaleFromBottomRight	E
	scaleFromMiddle	E
	scaleFromTopLeft	E
ShapeScaleType		C
	currentSize	E
	originalSize	E
ShapeTextHorizontalAlignment		C
	center	E
	distributed	E
	justify	E
	justifyLow	E
	left	E
	right	E
	thaiDistributed	E
ShapeTextHorizontalOverflow		C
	clip	E
	overflow	E
ShapeTextOrientation		C
	eastAsianVertical	E
	horizontal	E
	mongolianVertical	E
	vertical	E
	vertical270	E
	wordArtVertical	E
	wordArtVerticalRTL	E
ShapeTextReadingOrder		C
	leftToRight	E
	rightToLeft	E
ShapeTextVerticalAlignment		C
	bottom	E
	distributed	E
	justified	E
	middle	E
	top	E
ShapeTextVerticalOverflow		C
	clip	E
	ellipsis	E
	overflow	E
ShapeType		C
	geometricShape	E
	group	E
	image	E
	line	E
	unsupported	E
ShapeZOrder		C
	bringForward	E
	bringToFront	E
	sendBackward	E
	sendToBack	E
SheetVisibility		C
	hidden	E
	veryHidden	E
	visible	E
ShowAsCalculation		C
	differenceFrom	E
	index	E
	none	E
	percentDifferenceFrom	E
	percentOf	E
	percentOfColumnTotal	E
	percentOfGrandTotal	E
	percentOfParentColumnTotal	E
	percentOfParentRowTotal	E
	percentOfParentTotal	E
	percentOfRowTotal	E
	percentRunningTotal	E
	rankAscending	E
	rankDecending	E
	runningTotal	E
	unknown	E
ShowAsRule		C
	baseField	P
	baseItem	P
	calculation	P
Slicer		C
	clearFilters()	M
	delete()	M
	getCaption()	M
	getHeight()	M
	getId()	M
	getIsFilterCleared()	M
	getLeft()	M
	getName()	M
	getSelectedItems()	M
	getSlicerItem(key)	M
	getSlicerItems()	M
	getSortBy()	M
	getStyle()	M
	getTop()	M
	getWidth()	M
	getWorksheet()	M
	selectItems(items)	M
	setCaption(caption)	M
	setHeight(height)	M
	setLeft(left)	M
	setName(name)	M
	setSortBy(sortBy)	M
	setStyle(style)	M
	setTop(top)	M
	setWidth(width)	M
SlicerItem		C
	getHasData()	M
	getIsSelected()	M
	getKey()	M
	getName()	M
	setIsSelected(isSelected)	M
SlicerSortType		C
	ascending	E
	dataSourceOrder	E
	descending	E
SlicerStyle		C
	delete()	M
	duplicate()	M
	getName()	M
	getReadOnly()	M
	setName(name)	M
SortBy		C
	ascending	E
	descending	E
SortDataOption		C
	normal	E
	textAsNumber	E
SortField		C
	ascending	P
	color	P
	dataOption	P
	icon	P
	key	P
	sortOn	P
	subField	P
SortMethod		C
	pinYin	E
	strokeCount	E
SortOn		C
	cellColor	E
	fontColor	E
	icon	E
	value	E
SortOrientation		C
	columns	E
	rows	E
SpecialCellType		C
	blanks	E
	conditionalFormats	E
	constants	E
	dataValidations	E
	formulas	E
	sameConditionalFormat	E
	sameDataValidation	E
	visible	E
SpecialCellValueType		C
	all	E
	errors	E
	errorsLogical	E
	errorsLogicalNumber	E
	errorsLogicalText	E
	errorsNumbers	E
	errorsNumberText	E
	errorsText	E
	logical	E
	logicalNumbers	E
	logicalNumbersText	E
	logicalText	E
	numbers	E
	numbersText	E
	text	E
SubtotalLocationType		C
	atBottom	E
	atTop	E
	off	E
Subtotals		C
	automatic	P
	average	P
	count	P
	countNumbers	P
	max	P
	min	P
	product	P
	standardDeviation	P
	standardDeviationP	P
	sum	P
	variance	P
	varianceP	P
Table		C
	addColumn(index	M
	addRow(index	M
	addRows(index	M
	clearFilters()	M
	convertToRange()	M
	delete()	M
	deleteRowsAt(index	M
	getAutoFilter()	M
	getColumn(key)	M
	getColumnById(key)	M
	getColumnByName(key)	M
	getColumns()	M
	getHeaderRowRange()	M
	getHighlightFirstColumn()	M
	getHighlightLastColumn()	M
	getId()	M
	getLegacyId()	M
	getName()	M
	getPredefinedTableStyle()	M
	getRange()	M
	getRangeBetweenHeaderAndTotal()	M
	getRowCount()	M
	getShowBandedColumns()	M
	getShowBandedRows()	M
	getShowFilterButton()	M
	getShowHeaders()	M
	getShowTotals()	M
	getSort()	M
	getTotalRowRange()	M
	getWorksheet()	M
	reapplyFilters()	M
	resize(newRange)	M
	setHighlightFirstColumn(highlightFirstColumn)	M
	setHighlightLastColumn(highlightLastColumn)	M
	setName(name)	M
	setPredefinedTableStyle(predefinedTableStyle)	M
	setShowBandedColumns(showBandedColumns)	M
	setShowBandedRows(showBandedRows)	M
	setShowFilterButton(showFilterButton)	M
	setShowHeaders(showHeaders)	M
	setShowTotals(showTotals)	M
TableColumn		C
	delete()	M
	getFilter()	M
	getHeaderRowRange()	M
	getId()	M
	getIndex()	M
	getName()	M
	getRange()	M
	getRangeBetweenHeaderAndTotal()	M
	getTotalRowRange()	M
	setName(name)	M
TableSort		C
	apply(fields	M
	clear()	M
	getFields()	M
	getMatchCase()	M
	getMethod()	M
	reapply()	M
TableStyle		C
	delete()	M
	duplicate()	M
	getName()	M
	getReadOnly()	M
	setName(name)	M
TextConditionalFormat		C
	getFormat()	M
	getRule()	M
	setRule(rule)	M
TextFrame		C
	deleteText()	M
	getAutoSizeSetting()	M
	getBottomMargin()	M
	getHasText()	M
	getHorizontalAlignment()	M
	getHorizontalOverflow()	M
	getLeftMargin()	M
	getOrientation()	M
	getReadingOrder()	M
	getRightMargin()	M
	getTextRange()	M
	getTopMargin()	M
	getVerticalAlignment()	M
	getVerticalOverflow()	M
	setAutoSizeSetting(autoSizeSetting)	M
	setBottomMargin(bottomMargin)	M
	setHorizontalAlignment(horizontalAlignment)	M
	setHorizontalOverflow(horizontalOverflow)	M
	setLeftMargin(leftMargin)	M
	setOrientation(orientation)	M
	setReadingOrder(readingOrder)	M
	setRightMargin(rightMargin)	M
	setTopMargin(topMargin)	M
	setVerticalAlignment(verticalAlignment)	M
	setVerticalOverflow(verticalOverflow)	M
TextRange		C
	getFont()	M
	getSubstring(start	M
	getText()	M
	setText(text)	M
TimelineStyle		C
	delete()	M
	duplicate()	M
	getName()	M
	getReadOnly()	M
	setName(name)	M
TopBottomConditionalFormat		C
	getFormat()	M
	getRule()	M
	setRule(rule)	M
TopBottomSelectionType		C
	items	E
	percent	E
	sum	E
ValueFilterCondition		C
	between	E
	bottomN	E
	equals	E
	greaterThan	E
	greaterThanOrEqualTo	E
	lessThan	E
	lessThanOrEqualTo	E
	topN	E
	unknown	E
VerticalAlignment		C
	bottom	E
	center	E
	distributed	E
	justify	E
	top	E
Workbook		C
	addBinding(range	M
	addBindingFromNamedItem(name	M
	addBindingFromSelection(bindingType	M
	addComment(cellAddress	M
	addCustomXmlPart(xml)	M
	addNamedItem(name	M
	addNamedItemFormulaLocal(name	M
	addPivotTable(name	M
	addPivotTableStyle(name	M
	addPredefinedCellStyle(name)	M
	addSlicer(slicerSource	M
	addSlicerStyle(name	M
	addTable(address	M
	addTableStyle(name	M
	addTimelineStyle(name	M
	addWorksheet(name)	M
	breakAllLinksToLinkedWorkbooks()	M
	getActiveCell()	M
	getActiveChart()	M
	getActiveSlicer()	M
	getActiveWorksheet()	M
	getApplication()	M
	getAutoSave()	M
	getBinding(id)	M
	getBindings()	M
	getCalculationEngineVersion()	M
	getChartDataPointTrack()	M
	getComment(commentId)	M
	getCommentByCell(cellAddress)	M
	getCommentByReplyId(replyId)	M
	getComments()	M
	getCustomXmlPart(id)	M
	getCustomXmlPartByNamespace(namespaceUri)	M
	getCustomXmlParts()	M
	getCustomXmlPartsByNamespace(namespaceUri)	M
	getDefaultPivotTableStyle()	M
	getDefaultSlicerStyle()	M
	getDefaultTableStyle()	M
	getDefaultTimelineStyle()	M
	getFirstWorksheet(visibleOnly)	M
	getIsDirty()	M
	getLastWorksheet(visibleOnly)	M
	getLinkedWorkbookByUrl(key)	M
	getLinkedWorkbookRefreshMode()	M
	getLinkedWorkbooks()	M
	getName()	M
	getNamedItem(name)	M
	getNames()	M
	getPivotTable(name)	M
	getPivotTables()	M
	getPivotTableStyle(name)	M
	getPivotTableStyles()	M
	getPredefinedCellStyle(name)	M
	getPredefinedCellStyles()	M
	getPreviouslySaved()	M
	getProperties()	M
	getProtection()	M
	getReadOnly()	M
	getSelectedRange()	M
	getSelectedRanges()	M
	getSlicer(key)	M
	getSlicers()	M
	getSlicerStyle(name)	M
	getSlicerStyles()	M
	getTable(key)	M
	getTables()	M
	getTableStyle(name)	M
	getTableStyles()	M
	getTimelineStyle(name)	M
	getTimelineStyles()	M
	getUsePrecisionAsDisplayed()	M
	getWorksheet(key)	M
	getWorksheets()	M
	refreshAllDataConnections()	M
	refreshAllLinksToLinkedWorkbooks()	M
	refreshAllPivotTables()	M
	setChartDataPointTrack(chartDataPointTrack)	M
	setDefaultPivotTableStyle(newDefaultStyle)	M
	setDefaultSlicerStyle(newDefaultStyle)	M
	setDefaultTableStyle(newDefaultStyle)	M
	setDefaultTimelineStyle(newDefaultStyle)	M
	setIsDirty(isDirty)	M
	setLinkedWorkbookRefreshMode(linkedWorkbookRefreshMode)	M
	setUsePrecisionAsDisplayed(usePrecisionAsDisplayed)	M
WorkbookLinksRefreshMode		C
	automatic	E
	manual	E
WorkbookProtection		C
	getProtected()	M
	protect(password)	M
	unprotect(password)	M
WorkbookRangeAreas		C
	getAddresses()	M
	getAreas()	M
	getRangeAreasBySheet(key)	M
	getRanges()	M
Worksheet		C
	activate()	M
	addChart(type	M
	addComment(cellAddress	M
	addGeometricShape(geometricShapeType)	M
	addGroup(values)	M
	addHorizontalPageBreak(pageBreakRange)	M
	addImage(base64ImageString)	M
	addLine(startLeft	M
	addNamedItem(name	M
	addNamedItemFormulaLocal(name	M
	addNamedSheetView(name)	M
	addPivotTable(name	M
	addSlicer(slicerSource	M
	addTable(address	M
	addTextBox(text)	M
	addVerticalPageBreak(pageBreakRange)	M
	addWorksheetCustomProperty(key	M
	calculate(markAllDirty)	M
	copy(positionType	M
	delete()	M
	enterTemporaryNamedSheetView()	M
	exitActiveNamedSheetView()	M
	findAll(text	M
	getActiveNamedSheetView()	M
	getAutoFilter()	M
	getCell(row	M
	getChart(name)	M
	getCharts()	M
	getComment(commentId)	M
	getCommentByCell(cellAddress)	M
	getCommentByReplyId(replyId)	M
	getComments()	M
	getCustomProperties()	M
	getEnableCalculation()	M
	getFreezePanes()	M
	getHorizontalPageBreaks()	M
	getId()	M
	getName()	M
	getNamedItem(name)	M
	getNamedSheetView(key)	M
	getNamedSheetViews()	M
	getNames()	M
	getNext(visibleOnly)	M
	getPageLayout()	M
	getPivotTable(name)	M
	getPivotTables()	M
	getPosition()	M
	getPrevious(visibleOnly)	M
	getProtection()	M
	getRange(address)	M
	getRangeByIndexes(startRow	M
	getRanges(address)	M
	getShape(key)	M
	getShapes()	M
	getShowGridlines()	M
	getShowHeadings()	M
	getSlicer(key)	M
	getSlicers()	M
	getStandardHeight()	M
	getStandardWidth()	M
	getTabColor()	M
	getTable(key)	M
	getTables()	M
	getUsedRange(valuesOnly)	M
	getVerticalPageBreaks()	M
	getVisibility()	M
	getWorksheetCustomProperty(key)	M
	refreshAllPivotTables()	M
	removeAllHorizontalPageBreaks()	M
	removeAllVerticalPageBreaks()	M
	replaceAll(text	M
	setEnableCalculation(enableCalculation)	M
	setName(name)	M
	setPosition(position)	M
	setShowGridlines(showGridlines)	M
	setShowHeadings(showHeadings)	M
	setStandardWidth(standardWidth)	M
	setTabColor(tabColor)	M
	setVisibility(visibility)	M
	showOutlineLevels(rowLevels	M
WorksheetCustomProperty		C
	delete()	M
	getKey()	M
	getValue()	M
	setValue(value)	M
WorksheetFreezePanes		C
	freezeAt(frozenRange)	M
	freezeColumns(count)	M
	freezeRows(count)	M
	getLocation()	M
	unfreeze()	M
WorksheetPositionType		C
	after	E
	before	E
	beginning	E
	end	E
	none	E
WorksheetProtection		C
	getOptions()	M
	getProtected()	M
	protect(options	M
	unprotect(password)	M
WorksheetProtectionOptions		C
	allowAutoFilter	P
	allowDeleteColumns	P
	allowDeleteRows	P
	allowEditObjects	P
	allowEditScenarios	P
	allowFormatCells	P
	allowFormatColumns	P
	allowFormatRows	P
	allowInsertColumns	P
	allowInsertHyperlinks	P
	allowInsertRows	P
	allowPivotTables	P
	allowSort	P
	selectionMode	P
WorksheetSearchCriteria		C
	completeMatch	P
	matchCase	P
